{
    "OptDSLFrontend": {
        "t_start": 1828733.50540222,
        "t_end": 1828733.593398711,
        "dt": 0.08799649099819362,
        "core": 5
    },
    "VitisHLSSynthFlow": {
        "t_start": 1828733.644368805,
        "t_end": 1828783.05488934,
        "dt": 49.410520534962416,
        "core": 11
    }
}