{
    "clock_period": 7.016000000000001e-09,
    "latency_best_cycles": 20136,
    "latency_best_seconds": 0.00014127417600000002,
    "latency_average_cycles": 20136,
    "latency_average_seconds": 0.00014127417600000002,
    "latency_worst_cycles": 20136,
    "latency_worst_seconds": 0.00014127417600000002,
    "resources_lut_used": 22942,
    "resources_ff_used": 31134,
    "resources_dsp_used": 256,
    "resources_bram_used": 138,
    "resources_uram_used": 0
}