{
    "OptDSLFrontend": {
        "t_start": 1828733.505310096,
        "t_end": 1828733.549609821,
        "dt": 0.044299724977463484,
        "core": 3
    },
    "VitisHLSSynthFlow": {
        "t_start": 1828733.644235215,
        "t_end": 1828756.78107462,
        "dt": 23.136839405167848,
        "core": 4
    }
}