{
    "clock_period": 7.016000000000001e-09,
    "latency_best_cycles": 4904,
    "latency_best_seconds": 3.4406464000000005e-05,
    "latency_average_cycles": 4904,
    "latency_average_seconds": 3.4406464000000005e-05,
    "latency_worst_cycles": 4904,
    "latency_worst_seconds": 3.4406464000000005e-05,
    "resources_lut_used": 19003,
    "resources_ff_used": 24836,
    "resources_dsp_used": 160,
    "resources_bram_used": 132,
    "resources_uram_used": 0
}