{
    "OptDSLFrontend": {
        "t_start": 1828733.505160162,
        "t_end": 1828733.553720976,
        "dt": 0.04856081400066614,
        "core": 0
    },
    "VitisHLSSynthFlow": {
        "t_start": 1828733.644052143,
        "t_end": 1828758.882078788,
        "dt": 25.23802664503455,
        "core": 0
    }
}