{
    "OptDSLFrontend": {
        "t_start": 1828733.505217854,
        "t_end": 1828733.590141592,
        "dt": 0.08492373814806342,
        "core": 2
    }
}