{
    "OptDSLFrontend": {
        "t_start": 1828733.505352394,
        "t_end": 1828733.561916515,
        "dt": 0.056564121041446924,
        "core": 4
    },
    "VitisHLSSynthFlow": {
        "t_start": 1828733.644278744,
        "t_end": 1828766.334415278,
        "dt": 32.690136533929035,
        "core": 9
    }
}