{
    "OptDSLFrontend": {
        "t_start": 1828733.505568574,
        "t_end": 1828733.607920706,
        "dt": 0.10235213208943605,
        "core": 8
    }
}