{
    "OptDSLFrontend": {
        "t_start": 1828733.505217854,
        "t_end": 1828733.585724694,
        "dt": 0.08050684002228081,
        "core": 2
    },
    "VitisHLSSynthFlow": {
        "t_start": 1828733.644130199,
        "t_end": 1828755.800741882,
        "dt": 22.156611683079973,
        "core": 3
    }
}