{
    "OptDSLFrontend": {
        "t_start": 1828733.505483636,
        "t_end": 1828733.590603628,
        "dt": 0.08511999202892184,
        "core": 7
    }
}