{
    "OptDSLFrontend": {
        "t_start": 1828733.505310096,
        "t_end": 1828733.594414844,
        "dt": 0.08910474786534905,
        "core": 3
    },
    "VitisHLSSynthFlow": {
        "t_start": 1828733.644288741,
        "t_end": 1828756.462505716,
        "dt": 22.81821697484702,
        "core": 8
    }
}