{
    "OptDSLFrontend": {
        "t_start": 1828733.505236787,
        "t_end": 1828733.548434723,
        "dt": 0.04319793591275811,
        "core": 1
    },
    "VitisHLSSynthFlow": {
        "t_start": 1828733.644159856,
        "t_end": 1828758.333382038,
        "dt": 24.689222181914374,
        "core": 5
    }
}