{
    "OptDSLFrontend": {
        "t_start": 1828733.505412037,
        "t_end": 1828733.551262101,
        "dt": 0.04585006390698254,
        "core": 6
    },
    "VitisHLSSynthFlow": {
        "t_start": 1828733.644387471,
        "t_end": 1828758.391347075,
        "dt": 24.74695960409008,
        "core": 12
    }
}