{
    "OptDSLFrontend": {
        "t_start": 1828733.505160162,
        "t_end": 1828733.598176732,
        "dt": 0.09301656996831298,
        "core": 0
    },
    "VitisHLSSynthFlow": {
        "t_start": 1828733.644074459,
        "t_end": 1828753.747104522,
        "dt": 20.103030062979087,
        "core": 1
    }
}