{
    "OptDSLFrontend": {
        "t_start": 1828733.505217854,
        "t_end": 1828733.548624633,
        "dt": 0.04340677917934954,
        "core": 2
    },
    "VitisHLSSynthFlow": {
        "t_start": 1828733.644086503,
        "t_end": 1828757.562375756,
        "dt": 23.91828925302252,
        "core": 2
    }
}