{
    "OptDSLFrontend": {
        "t_start": 1828733.505236787,
        "t_end": 1828733.593986148,
        "dt": 0.08874936099164188,
        "core": 1
    }
}