{
    "OptDSLFrontend": {
        "t_start": 1828733.505236787,
        "t_end": 1828733.591964223,
        "dt": 0.08672743593342602,
        "core": 1
    },
    "VitisHLSSynthFlow": {
        "t_start": 1828733.644195216,
        "t_end": 1828758.171696187,
        "dt": 24.527500970987603,
        "core": 6
    }
}