{
    "OptDSLFrontend": {
        "t_start": 1828733.505352394,
        "t_end": 1828733.596786211,
        "dt": 0.09143381705507636,
        "core": 4
    },
    "VitisHLSSynthFlow": {
        "t_start": 1828733.644350542,
        "t_end": 1828760.833087986,
        "dt": 27.18873744411394,
        "core": 7
    }
}