{
    "OptDSLFrontend": {
        "t_start": 1828733.50540222,
        "t_end": 1828733.59587308,
        "dt": 0.09047086001373827,
        "core": 5
    }
}