{
    "OptDSLFrontend": {
        "t_start": 1828733.505412037,
        "t_end": 1828733.590509005,
        "dt": 0.0850969678722322,
        "core": 6
    }
}