{
    "OptDSLFrontend": {
        "t_start": 1828733.505310096,
        "t_end": 1828733.596346113,
        "dt": 0.09103601681999862,
        "core": 3
    }
}