{
    "OptDSLFrontend": {
        "t_start": 1828733.505352394,
        "t_end": 1828733.598025712,
        "dt": 0.0926733179949224,
        "core": 4
    }
}