{
    "clock_period": 7.016000000000001e-09,
    "latency_best_cycles": 16919,
    "latency_best_seconds": 0.00011870370400000001,
    "latency_average_cycles": 16919,
    "latency_average_seconds": 0.00011870370400000001,
    "latency_worst_cycles": 16919,
    "latency_worst_seconds": 0.00011870370400000001,
    "resources_lut_used": 79841,
    "resources_ff_used": 80424,
    "resources_dsp_used": 320,
    "resources_bram_used": 880,
    "resources_uram_used": 0
}