{
    "OptDSLFrontend": {
        "t_start": 1828733.50540222,
        "t_end": 1828733.552972515,
        "dt": 0.04757029516622424,
        "core": 5
    },
    "VitisHLSSynthFlow": {
        "t_start": 1828733.64436814,
        "t_end": 1828776.018031107,
        "dt": 42.37366296700202,
        "core": 10
    }
}