{
    "OptDSLFrontend": {
        "t_start": 1828733.505160162,
        "t_end": 1828733.599887718,
        "dt": 0.09472755598835647,
        "core": 0
    }
}